-- VOLUNTEER
INSERT INTO VOLUNTEER (id_volunteer, vol_name, vol_surname, vol_address, vol_phone_num, vol_email)
VALUES (1, 'Bert', 'Brattell', '9 Ramsey Place', '435-731-4742', 'bbrattell0@phpbb.com');
INSERT INTO VOLUNTEER (id_volunteer, vol_name, vol_surname, vol_address, vol_phone_num, vol_email)
VALUES (2, 'Halsy', 'Attoe', '97544 Gale Crossing', '739-660-1901', 'hattoe1@smh.com.au');
INSERT INTO VOLUNTEER (id_volunteer, vol_name, vol_surname, vol_address, vol_phone_num, vol_email)
VALUES (3, 'Noel', 'Le Quesne', '9 Heffernan Road', '137-977-2740', 'nlequesne2@domainmarket.com');
INSERT INTO VOLUNTEER (id_volunteer, vol_name, vol_surname, vol_address, vol_phone_num, vol_email)
VALUES (4, 'Danyelle', 'Vlies', '2017 Bunting Court', '342-532-4810', 'dvlies3@techcrunch.com');
INSERT INTO VOLUNTEER (id_volunteer, vol_name, vol_surname, vol_address, vol_phone_num, vol_email)
VALUES (5, 'Shaylyn', 'Stapels', '156 Sage Park', '119-417-8561', 'sstapels4@cpanel.net');
INSERT INTO VOLUNTEER (id_volunteer, vol_name, vol_surname, vol_address, vol_phone_num, vol_email)
VALUES (6, 'Averill', 'Tuckwood', '40 Blue Bill Park Drive', '110-528-9908', 'atuckwood5@myspace.com');
INSERT INTO VOLUNTEER (id_volunteer, vol_name, vol_surname, vol_address, vol_phone_num, vol_email)
VALUES (7, 'Nerte', 'Stoffers', '25710 David Way', '817-113-5059', 'nstoffers6@hp.com');
INSERT INTO VOLUNTEER (id_volunteer, vol_name, vol_surname, vol_address, vol_phone_num, vol_email)
VALUES (8, 'Pandora', 'Totaro', '28622 Knutson Circle', '327-643-4567', 'ptotaro7@webmd.com');
INSERT INTO VOLUNTEER (id_volunteer, vol_name, vol_surname, vol_address, vol_phone_num, vol_email)
VALUES (9, 'Rosetta', 'Killeen', '78749 Old Shore Junction', '451-566-8939', 'rkilleen8@ifeng.com');
INSERT INTO VOLUNTEER (id_volunteer, vol_name, vol_surname, vol_address, vol_phone_num, vol_email)
VALUES (10, 'Rey', 'Sonner', '346 Graceland Center', '636-324-2151', 'rsonner9@sun.com');
INSERT INTO VOLUNTEER (id_volunteer, vol_name, vol_surname, vol_address, vol_phone_num, vol_email)
VALUES (11, 'Jemmy', 'Folca', '46 Debs Road', '214-961-9821', 'jfolcaa@java.com');
INSERT INTO VOLUNTEER (id_volunteer, vol_name, vol_surname, vol_address, vol_phone_num, vol_email)
VALUES (12, 'Polly', 'Gynni', '249 Dapin Parkway', '407-603-6628', 'pgynnib@exblog.jp');
INSERT INTO VOLUNTEER (id_volunteer, vol_name, vol_surname, vol_address, vol_phone_num, vol_email)
VALUES (13, 'Gerri', 'Redgewell', '5939 Algoma Road', '886-987-8319', 'gredgewellc@army.mil');
INSERT INTO VOLUNTEER (id_volunteer, vol_name, vol_surname, vol_address, vol_phone_num, vol_email)
VALUES (14, 'Ellette', 'Pietrusiak', '4 Hanover Way', '500-233-1964', 'epietrusiakd@washingtonpost.com');
INSERT INTO VOLUNTEER (id_volunteer, vol_name, vol_surname, vol_address, vol_phone_num, vol_email)
VALUES (15, 'Georgiana', 'Pickton', '821 Hoepker Drive', '825-334-3026', 'gpicktone@hud.gov');
INSERT INTO VOLUNTEER (id_volunteer, vol_name, vol_surname, vol_address, vol_phone_num, vol_email)
VALUES (16, 'Maison', 'Philimore', '68181 Daystar Circle', '620-220-2312', 'mphilimoref@washington.edu');
INSERT INTO VOLUNTEER (id_volunteer, vol_name, vol_surname, vol_address, vol_phone_num, vol_email)
VALUES (17, 'Sonni', 'Filtness', '676 Express Pass', '955-700-6401', 'sfiltnessg@admin.ch');
INSERT INTO VOLUNTEER (id_volunteer, vol_name, vol_surname, vol_address, vol_phone_num, vol_email)
VALUES (18, 'Wynny', 'Branni', '302 Talisman Lane', '772-645-3217', 'wbrannih@networkadvertising.org');
INSERT INTO VOLUNTEER (id_volunteer, vol_name, vol_surname, vol_address, vol_phone_num, vol_email)
VALUES (19, 'Charlton', 'Prest', '72 Shoshone Plaza', '249-864-8526', 'cpresti@biblegateway.com');
INSERT INTO VOLUNTEER (id_volunteer, vol_name, vol_surname, vol_address, vol_phone_num, vol_email)
VALUES (20, 'Sheridan', 'Thaxter', '1 Marquette Hill', '123-214-0651', 'sthaxterj@zimbio.com');

-- DONOR
INSERT INTO DONOR (id_donor, d_name, d_surname, d_address, d_phone_num, d_email)
VALUES (1, 'Dredi', 'MacEllen', '3 Independence Center', '781-544-5695', 'dmacellen0@gnu.org');
INSERT INTO DONOR (id_donor, d_name, d_surname, d_address, d_phone_num, d_email)
VALUES (2, 'Giffie', 'Marle', '94892 Elmside Alley', '410-388-7303', 'gmarle1@flickr.com');
INSERT INTO DONOR (id_donor, d_name, d_surname, d_address, d_phone_num, d_email)
VALUES (3, 'Anastasia', 'Nelissen', '76693 Holy Cross Avenue', '444-493-2871', 'anelissen2@soundcloud.com');
INSERT INTO DONOR (id_donor, d_name, d_surname, d_address, d_phone_num, d_email)
VALUES (4, 'Sybil', 'Greder', '7368 Village Green Drive', '787-240-6873', 'sgreder3@mozilla.com');
INSERT INTO DONOR (id_donor, d_name, d_surname, d_address, d_phone_num, d_email)
VALUES (5, 'Johnathon', 'Keirle', '60609 Bay Lane', '265-658-0737', 'jkeirle4@typepad.com');
INSERT INTO DONOR (id_donor, d_name, d_surname, d_address, d_phone_num, d_email)
VALUES (6, 'Lisle', 'Bichener', '99 Roxbury Plaza', '956-935-5184', 'lbichener5@qq.com');
INSERT INTO DONOR (id_donor, d_name, d_surname, d_address, d_phone_num, d_email)
VALUES (7, 'Thedric', 'Lammin', '7199 Dawn Circle', '245-761-6108', 'tlammin6@marriott.com');
INSERT INTO DONOR (id_donor, d_name, d_surname, d_address, d_phone_num, d_email)
VALUES (8, 'Tucker', 'Alltimes', '3292 Old Gate Junction', '713-804-2159', 'talltimes7@vimeo.com');
INSERT INTO DONOR (id_donor, d_name, d_surname, d_address, d_phone_num, d_email)
VALUES (9, 'Maighdiln', 'Eminson', '77114 Graceland Crossing', '663-978-9619', 'meminson8@cnbc.com');
INSERT INTO DONOR (id_donor, d_name, d_surname, d_address, d_phone_num, d_email)
VALUES (10, 'Dulcie', 'Shippey', '3 Goodland Point', '847-981-1824', 'dshippey9@last.fm');
INSERT INTO DONOR (id_donor, d_name, d_surname, d_address, d_phone_num, d_email)
VALUES (11, 'Weylin', 'Tease', '34060 Ohio Crossing', '382-278-5603', 'wteasea@europa.eu');
INSERT INTO DONOR (id_donor, d_name, d_surname, d_address, d_phone_num, d_email)
VALUES (12, 'Pedro', 'Mustin', '90225 Spenser Center', '336-814-2907', 'pmustinb@cmu.edu');
INSERT INTO DONOR (id_donor, d_name, d_surname, d_address, d_phone_num, d_email)
VALUES (13, 'Blake', 'Pagram', '246 Meadow Valley Way', '983-723-3137', 'bpagramc@bandcamp.com');
INSERT INTO DONOR (id_donor, d_name, d_surname, d_address, d_phone_num, d_email)
VALUES (14, 'Shalna', 'Ruslinge', '94593 Lakewood Terrace', '118-566-7040', 'sruslinged@google.ca');
INSERT INTO DONOR (id_donor, d_name, d_surname, d_address, d_phone_num, d_email)
VALUES (15, 'Germain', 'Tapley', '0315 Duke Trail', '866-860-7362', 'gtapleye@paginegialle.it');
INSERT INTO DONOR (id_donor, d_name, d_surname, d_address, d_phone_num, d_email)
VALUES (16, 'Velma', 'Goldsby', '385 Muir Point', '110-157-1584', 'vgoldsbyf@ehow.com');
INSERT INTO DONOR (id_donor, d_name, d_surname, d_address, d_phone_num, d_email)
VALUES (17, 'Roxi', 'Duval', '3 David Plaza', '970-653-3289', 'rduvalg@google.cn');
INSERT INTO DONOR (id_donor, d_name, d_surname, d_address, d_phone_num, d_email)
VALUES (18, 'Arden', 'Hatch', '4 Brickson Park Way', '585-405-8566', 'ahatchh@ebay.co.uk');
INSERT INTO DONOR (id_donor, d_name, d_surname, d_address, d_phone_num, d_email)
VALUES (19, 'Wilie', 'Krysztofowicz', '2269 Moland Center', '641-101-1062', 'wkrysztofowiczi@technorati.com');
INSERT INTO DONOR (id_donor, d_name, d_surname, d_address, d_phone_num, d_email)
VALUES (20, 'Silvio', 'Pitone', '38 Vahlen Avenue', '515-369-8222', 'spitonej@forbes.com');

-- CLIENT
INSERT INTO CLIENT (id_client, cl_name, cl_surname, cl_birth_date, cl_gender, cl_address, cl_email, cl_phone_num, cl_bank_account, cl_neededMoney)
VALUES (1, 'Hy', 'Fredi', '1989-08-16', 'Male', '12800 Jenna Park', 'hfredi0@biglobe.ne.jp', '350-980-1729',
        '5602238072231787', 1000);
INSERT INTO CLIENT (id_client, cl_name, cl_surname, cl_birth_date, cl_gender, cl_address, cl_email, cl_phone_num, cl_bank_account, cl_neededMoney)
VALUES (2, 'Warden', 'Whitehouse', '2012-02-03', 'Male', '47 Farwell Way', 'wwhitehouse1@walmart.com', '537-815-1974',
        '30322563096330', 4000);
INSERT INTO CLIENT (id_client, cl_name, cl_surname, cl_birth_date, cl_gender, cl_address, cl_email, cl_phone_num, cl_bank_account, cl_neededMoney)
VALUES (3, 'Reba', 'Padillo', '1984-08-21', 'Female', '263 Anderson Hill', 'rpadillo2@statcounter.com', '274-700-0712',
        '6759366897411997127', 2000);
INSERT INTO CLIENT (id_client, cl_name, cl_surname, cl_birth_date, cl_gender, cl_address, cl_email, cl_phone_num, cl_bank_account, cl_neededMoney)
VALUES (4, 'Kali', 'Iacovone', '1961-08-07', 'Female', '1559 Blue Bill Park Lane', 'kiacovone3@nationalgeographic.com',
        '865-612-5782', '4017955963626237', 4000);
INSERT INTO CLIENT (id_client, cl_name, cl_surname, cl_birth_date, cl_gender, cl_address, cl_email, cl_phone_num, cl_bank_account, cl_neededMoney)
VALUES (5, 'Pia', 'Stowte', '1997-02-03', 'Female', '88 Corben Road', 'pstowte4@accuweather.com', '163-198-6422',
        '3589757965933821', 2100);
INSERT INTO CLIENT (id_client, cl_name, cl_surname, cl_birth_date, cl_gender, cl_address, cl_email, cl_phone_num, cl_bank_account, cl_neededMoney)
VALUES (6, 'Angelico', 'Cuff', '1950-06-16', 'Male', '120 Blue Bill Park Avenue', 'acuff5@posterous.com',
        '711-121-3303', '3578462532115662', 4000);
INSERT INTO CLIENT (id_client, cl_name, cl_surname, cl_birth_date, cl_gender, cl_address, cl_email, cl_phone_num, cl_bank_account, cl_neededMoney)
VALUES (7, 'Melvyn', 'Ashworth', '1958-12-28', 'Male', '932 Dixon Court', 'mashworth6@biglobe.ne.jp', '995-931-6315',
        '3535345168745641', 1500);
INSERT INTO CLIENT (id_client, cl_name, cl_surname, cl_birth_date, cl_gender, cl_address, cl_email, cl_phone_num, cl_bank_account, cl_neededMoney)
VALUES (8, 'Elysee', 'Ballham', '1968-06-08', 'Female', '8005 Annamark Plaza', 'eballham7@wired.com', '393-847-8177',
        '67068535075900160', 2500);
INSERT INTO CLIENT (id_client, cl_name, cl_surname, cl_birth_date, cl_gender, cl_address, cl_email, cl_phone_num, cl_bank_account, cl_neededMoney)
VALUES (9, 'Dore', 'Draper', '1972-10-17', 'Female', '94 Maywood Pass', 'ddraper8@vkontakte.ru', '597-206-0349',
        '201770166194675', 4200);
INSERT INTO CLIENT (id_client, cl_name, cl_surname, cl_birth_date, cl_gender, cl_address, cl_email, cl_phone_num, cl_bank_account, cl_neededMoney)
VALUES (10, 'Vincent', 'Lockyer', '2002-08-27', 'Male', '13 Amoth Trail', 'vlockyer9@myspace.com', '783-234-7150',
        '3569027730541059', 1500);
INSERT INTO CLIENT (id_client, cl_name, cl_surname, cl_birth_date, cl_gender, cl_address, cl_email, cl_phone_num, cl_bank_account, cl_neededMoney)
VALUES (11, 'Estrella', 'Childes', '1961-06-18', 'Female', '594 Cody Plaza', 'echildesa@rediff.com', '566-371-0110',
        '3546105404834832', 4000);
INSERT INTO CLIENT (id_client, cl_name, cl_surname, cl_birth_date, cl_gender, cl_address, cl_email, cl_phone_num, cl_bank_account, cl_neededMoney)
VALUES (12, 'Otes', 'Jennery', '2014-06-21', 'Male', '6741 Moland Alley', 'ojenneryb@seattletimes.com', '454-361-8931',
        '3543833600307377', 4200);
INSERT INTO CLIENT (id_client, cl_name, cl_surname, cl_birth_date, cl_gender, cl_address, cl_email, cl_phone_num, cl_bank_account, cl_neededMoney)
VALUES (13, 'Gaelan', 'Persicke', '1997-06-24', 'Male', '8 Glendale Hill', 'gpersickec@jimdo.com', '584-447-8496',
        '3536411850266376', 3500);
INSERT INTO CLIENT (id_client, cl_name, cl_surname, cl_birth_date, cl_gender, cl_address, cl_email, cl_phone_num, cl_bank_account, cl_neededMoney)
VALUES (14, 'Staffard', 'Noyes', '1992-07-03', 'Male', '3 Mallard Crossing', 'snoyesd@home.pl', '257-463-6189',
        '3583954716073967', 4300);
INSERT INTO CLIENT (id_client, cl_name, cl_surname, cl_birth_date, cl_gender, cl_address, cl_email, cl_phone_num, cl_bank_account, cl_neededMoney)
VALUES (15, 'Clareta', 'Hannaford', '1963-09-27', 'Female', '49187 Evergreen Parkway', 'channaforde@utexas.edu',
        '545-608-4531', '3579555509545909', 3500);
INSERT INTO CLIENT (id_client, cl_name, cl_surname, cl_birth_date, cl_gender, cl_address, cl_email, cl_phone_num, cl_bank_account, cl_neededMoney)
VALUES (16, 'Juliana', 'Cokely', '1997-09-21', 'Female', '5 Corscot Street', 'jcokelyf@state.gov', '209-283-7063',
        '374288918997486', 3500);
INSERT INTO CLIENT (id_client, cl_name, cl_surname, cl_birth_date, cl_gender, cl_address, cl_email, cl_phone_num, cl_bank_account, cl_neededMoney)
VALUES (17, 'Neille', 'Merwe', '1963-05-11', 'Female', '9 Bunting Crossing', 'nmerweg@ifeng.com', '750-859-8289',
        '3548635031783307', 5000);
INSERT INTO CLIENT (id_client, cl_name, cl_surname, cl_birth_date, cl_gender, cl_address, cl_email, cl_phone_num, cl_bank_account, cl_neededMoney)
VALUES (18, 'Alonso', 'Vale', '1985-09-30', 'Male', '68665 Hanson Park', 'avaleh@slideshare.net', '203-354-5898',
        '5109534974025220', 4000);
INSERT INTO CLIENT (id_client, cl_name, cl_surname, cl_birth_date, cl_gender, cl_address, cl_email, cl_phone_num, cl_bank_account, cl_neededMoney)
VALUES (19, 'Sherrie', 'Stolberg', '1994-12-06', 'Female', '45 Hayes Park', 'sstolbergi@newsvine.com', '394-902-0461',
        '3561850077957705', 3000);
INSERT INTO CLIENT (id_client, cl_name, cl_surname, cl_birth_date, cl_gender, cl_address, cl_email, cl_phone_num, cl_bank_account, cl_neededMoney)
VALUES (20, 'Marquita', 'Devonside', '1996-04-11', 'Female', '5015 Fairfield Road', 'mdevonsidej@sitemeter.com',
        '389-617-7546', '5189107722614455', 2500);

-- HELP
INSERT INTO HELP (id_help, client)
VALUES (1, 1);
INSERT INTO HELP (id_help, client)
VALUES (2, 2);
INSERT INTO HELP (id_help, client)
VALUES (3, 3);
INSERT INTO HELP (id_help, client)
VALUES (4, 4);
INSERT INTO HELP (id_help, client)
VALUES (5, 5);
INSERT INTO HELP (id_help, client)
VALUES (6, 6);
INSERT INTO HELP (id_help, client)
VALUES (7, 7);
INSERT INTO HELP (id_help, client)
VALUES (8, 8);
INSERT INTO HELP (id_help, client)
VALUES (9, 9);
INSERT INTO HELP (id_help, client)
VALUES (10, 10);
INSERT INTO HELP (id_help, client)
VALUES (11, 11);
INSERT INTO HELP (id_help, client)
VALUES (12, 12);
INSERT INTO HELP (id_help, client)
VALUES (13, 13);
INSERT INTO HELP (id_help, client)
VALUES (14, 14);
INSERT INTO HELP (id_help, client)
VALUES (15, 15);
INSERT INTO HELP (id_help, client)
VALUES (16, 16);
INSERT INTO HELP (id_help, client)
VALUES (17, 17);
INSERT INTO HELP (id_help, client)
VALUES (18, 18);
INSERT INTO HELP (id_help, client)
VALUES (19, 19);
INSERT INTO HELP (id_help, client)
VALUES (20, 20);
INSERT INTO HELP (id_help, client)
VALUES (21, 1);
INSERT INTO HELP (id_help, client)
VALUES (22, 2);
INSERT INTO HELP (id_help, client)
VALUES (23, 3);
INSERT INTO HELP (id_help, client)
VALUES (24, 4);
INSERT INTO HELP (id_help, client)
VALUES (25, 5);
INSERT INTO HELP (id_help, client)
VALUES (26, 6);
INSERT INTO HELP (id_help, client)
VALUES (27, 7);
INSERT INTO HELP (id_help, client)
VALUES (28, 8);
INSERT INTO HELP (id_help, client)
VALUES (29, 9);
INSERT INTO HELP (id_help, client)
VALUES (30, 10);
INSERT INTO HELP (id_help, client)
VALUES (31, 11);
INSERT INTO HELP (id_help, client)
VALUES (32, 12);
INSERT INTO HELP (id_help, client)
VALUES (33, 13);
INSERT INTO HELP (id_help, client)
VALUES (34, 14);
INSERT INTO HELP (id_help, client)
VALUES (35, 15);
INSERT INTO HELP (id_help, client)
VALUES (36, 16);
INSERT INTO HELP (id_help, client)
VALUES (37, 17);
INSERT INTO HELP (id_help, client)
VALUES (38, 18);
INSERT INTO HELP (id_help, client)
VALUES (39, 19);
INSERT INTO HELP (id_help, client)
VALUES (40, 20);

--VOLUNTEERING
INSERT INTO VOLUNTEERING (id_volunteering, volunteer, date_volunteering, id_help)
VALUES (1, 1, '2013/02/16', 1);
INSERT INTO VOLUNTEERING (id_volunteering, volunteer, date_volunteering, id_help)
VALUES (2, 2, '2014/10/15', 2);
INSERT INTO VOLUNTEERING (id_volunteering, volunteer, date_volunteering, id_help)
VALUES (3, 3, '2010/08/04', 3);
INSERT INTO VOLUNTEERING (id_volunteering, volunteer, date_volunteering, id_help)
VALUES (4, 4, '2015/11/02', 4);
INSERT INTO VOLUNTEERING (id_volunteering, volunteer, date_volunteering, id_help)
VALUES (5, 5, '2013/06/09', 5);
INSERT INTO VOLUNTEERING (id_volunteering, volunteer, date_volunteering, id_help)
VALUES (6, 6, '2014/09/23', 6);
INSERT INTO VOLUNTEERING (id_volunteering, volunteer, date_volunteering, id_help)
VALUES (7, 7, '2010/01/24', 7);
INSERT INTO VOLUNTEERING (id_volunteering, volunteer, date_volunteering, id_help)
VALUES (8, 8, '2009/02/15', 8);
INSERT INTO VOLUNTEERING (id_volunteering, volunteer, date_volunteering, id_help)
VALUES (9, 9, '2013/05/10', 9);
INSERT INTO VOLUNTEERING (id_volunteering, volunteer, date_volunteering, id_help)
VALUES (10, 10, '2013/09/03', 10);
INSERT INTO VOLUNTEERING (id_volunteering, volunteer, date_volunteering, id_help)
VALUES (11, 11, '2017/09/04', 11);
INSERT INTO VOLUNTEERING (id_volunteering, volunteer, date_volunteering, id_help)
VALUES (12, 12, '2010/11/02', 12);
INSERT INTO VOLUNTEERING (id_volunteering, volunteer, date_volunteering, id_help)
VALUES (13, 13, '2009/07/24', 13);
INSERT INTO VOLUNTEERING (id_volunteering, volunteer, date_volunteering, id_help)
VALUES (14, 14, '2011/08/03', 14);
INSERT INTO VOLUNTEERING (id_volunteering, volunteer, date_volunteering, id_help)
VALUES (15, 15, '2010/06/03', 15);
INSERT INTO VOLUNTEERING (id_volunteering, volunteer, date_volunteering, id_help)
VALUES (16, 16, '2009/08/25', 16);
INSERT INTO VOLUNTEERING (id_volunteering, volunteer, date_volunteering, id_help)
VALUES (17, 17, '2010/06/19', 17);
INSERT INTO VOLUNTEERING (id_volunteering, volunteer, date_volunteering, id_help)
VALUES (18, 18, '2015/02/20', 18);
INSERT INTO VOLUNTEERING (id_volunteering, volunteer, date_volunteering, id_help)
VALUES (19, 19, '2011/06/22', 19);
INSERT INTO VOLUNTEERING (id_volunteering, volunteer, date_volunteering, id_help)
VALUES (20, 20, '2012/03/10', 20);

--DONATION
INSERT INTO DONATION (id_donation, donor, size_donation, date_donation, id_help)
VALUES (1, 1, 900, '2011/07/11', 21);
INSERT INTO DONATION (id_donation, donor, size_donation, date_donation, id_help)
VALUES (2, 2, 4210, '2017/03/19', 22);
INSERT INTO DONATION (id_donation, donor, size_donation, date_donation, id_help)
VALUES (3, 3, 1900, '2012/01/09', 23);
INSERT INTO DONATION (id_donation, donor, size_donation, date_donation, id_help)
VALUES (4, 4, 4090, '2011/05/18', 24);
INSERT INTO DONATION (id_donation, donor, size_donation, date_donation, id_help)
VALUES (5, 5, 2020, '2013/04/21', 25);
INSERT INTO DONATION (id_donation, donor, size_donation, date_donation, id_help)
VALUES (6, 6, 4080, '2009/11/17', 26);
INSERT INTO DONATION (id_donation, donor, size_donation, date_donation, id_help)
VALUES (7, 7, 1150, '2011/05/26', 27);
INSERT INTO DONATION (id_donation, donor, size_donation, date_donation, id_help)
VALUES (8, 8, 2510, '2012/05/17', 28);
INSERT INTO DONATION (id_donation, donor, size_donation, date_donation, id_help)
VALUES (9, 9, 4160, '2011/08/22', 29);
INSERT INTO DONATION (id_donation, donor, size_donation, date_donation, id_help)
VALUES (10, 10, 1610, '2010/05/08', 30);
INSERT INTO DONATION (id_donation, donor, size_donation, date_donation, id_help)
VALUES (11, 11, 3750, '2017/10/03', 31);
INSERT INTO DONATION (id_donation, donor, size_donation, date_donation, id_help)
VALUES (12, 12, 4270, '2016/06/14', 32);
INSERT INTO DONATION (id_donation, donor, size_donation, date_donation, id_help)
VALUES (13, 13, 3710, '2012/12/08', 33);
INSERT INTO DONATION (id_donation, donor, size_donation, date_donation, id_help)
VALUES (14, 14, 4540, '2010/01/16', 34);
INSERT INTO DONATION (id_donation, donor, size_donation, date_donation, id_help)
VALUES (15, 15, 3690, '2016/04/01', 35);
INSERT INTO DONATION (id_donation, donor, size_donation, date_donation, id_help)
VALUES (16, 16, 3810, '2012/02/13', 36);
INSERT INTO DONATION (id_donation, donor, size_donation, date_donation, id_help)
VALUES (17, 17, 4940, '2010/05/26', 37);
INSERT INTO DONATION (id_donation, donor, size_donation, date_donation, id_help)
VALUES (18, 18, 4400, '2015/10/26', 38);
INSERT INTO DONATION (id_donation, donor, size_donation, date_donation, id_help)
VALUES (19, 19, 2850, '2013/01/10', 39);
INSERT INTO DONATION (id_donation, donor, size_donation, date_donation, id_help)
VALUES (20, 20, 2560, '2010/02/25', 40);